等级,奖励宝石,分数,白,蓝,绿,红,黑,总费用
1,黑(玛瑙),0,1,1,1,1,0,4
1,黑(玛瑙),0,1,1,1,2,0,5
1,黑(玛瑙),0,2,0,1,2,0,5
1,黑(玛瑙),0,0,1,0,3,1,5
1,黑(玛瑙),0,0,0,2,1,0,3
1,黑(玛瑙),0,2,0,2,0,0,4
1,黑(玛瑙),0,0,0,3,0,0,3
1,黑(玛瑙),1,0,4,0,0,0,4
1,蓝(蓝宝石),0,1,0,1,1,1,4
1,蓝(蓝宝石),0,1,0,1,2,1,5
1,蓝(蓝宝石),0,1,0,2,2,0,5
1,蓝(蓝宝石),0,0,1,3,1,0,5
1,蓝(蓝宝石),0,1,2,0,0,0,3
1,蓝(蓝宝石),0,2,0,2,0,0,4
1,蓝(蓝宝石),0,0,3,0,0,0,3
1,蓝(蓝宝石),1,0,0,0,4,0,4
1,白(钻石),0,0,1,1,1,1,4
1,白(钻石),0,0,1,2,1,1,5
1,白(钻石),0,0,2,2,0,1,5
1,白(钻石),0,1,1,0,0,3,5
1,白(钻石),0,0,1,0,2,0,3
1,白(钻石),0,2,2,0,0,0,4
1,白(钻石),0,0,0,3,0,0,3
1,白(钻石),1,0,0,4,0,0,4
1,绿(祖母绿),0,1,1,0,1,1,4
1,绿(祖母绿),0,1,1,0,1,2,5
1,绿(祖母绿),0,2,1,0,2,0,5
1,绿(祖母绿),0,1,0,3,1,0,5
1,绿(祖母绿),0,0,0,1,0,2,3
1,绿(祖母绿),0,0,2,0,2,0,4
1,绿(祖母绿),0,0,0,0,3,0,3
1,绿(祖母绿),1,0,0,0,0,4,4
1,红(红宝石),0,1,1,1,0,1,4
1,红(红宝石),0,2,1,1,0,1,5
1,红(红宝石),0,2,0,1,0,2,5
1,红(红宝石),0,1,3,0,0,1,5
1,红(红宝石),0,0,0,2,1,0,3
1,红(红宝石),0,0,2,0,0,2,4
1,红(红宝石),0,0,0,0,0,3,3
1,红(红宝石),1,0,0,0,0,4,4
2,黑(玛瑙),1,3,2,2,0,0,7
2,黑(玛瑙),1,3,2,0,0,2,7
2,黑(玛瑙),2,0,1,4,2,0,7
2,黑(玛瑙),2,0,0,5,3,0,8
2,黑(玛瑙),2,5,0,0,0,0,5
2,黑(玛瑙),3,0,0,0,0,6,6
2,蓝(蓝宝石),1,0,2,2,3,0,7
2,蓝(蓝宝石),1,0,3,2,0,3,8
2,蓝(蓝宝石),2,5,0,3,0,0,8
2,蓝(蓝宝石),2,2,4,0,1,0,7
2,蓝(蓝宝石),2,0,0,5,0,0,5
2,蓝(蓝宝石),3,0,0,0,6,0,6
2,白(钻石),1,0,0,3,2,2,7
2,白(钻石),1,2,0,0,3,3,8
2,白(钻石),2,0,0,1,4,2,7
2,白(钻石),2,0,3,0,5,0,8
2,白(钻石),2,0,0,0,0,5,5
2,白(钻石),3,0,0,0,0,6,6
2,绿(祖母绿),1,3,0,0,3,2,8
2,绿(祖母绿),1,2,3,0,0,2,7
2,绿(祖母绿),2,0,2,0,0,4,6
2,绿(祖母绿),2,0,0,5,3,0,8
2,绿(祖母绿),2,0,5,0,0,0,5
2,绿(祖母绿),3,0,0,6,0,0,6
2,红(红宝石),1,2,0,0,2,3,7
2,红(红宝石),1,2,0,3,0,3,8
2,红(红宝石),2,1,0,0,4,2,7
2,红(红宝石),2,0,0,0,3,5,8
2,红(红宝石),2,0,0,0,0,5,5
2,红(红宝石),3,0,0,0,6,0,6
3,黑(玛瑙),3,3,3,5,3,0,14
3,黑(玛瑙),4,0,0,0,7,0,7
3,黑(玛瑙),4,3,0,0,6,3,12
3,黑(玛瑙),5,3,0,0,7,0,10
3,蓝(蓝宝石),3,3,0,3,3,5,14
3,蓝(蓝宝石),4,7,0,0,0,0,7
3,蓝(蓝宝石),4,6,3,0,0,3,12
3,蓝(蓝宝石),5,7,0,0,0,3,10
3,白(钻石),3,0,3,3,3,5,14
3,白(钻石),4,0,0,0,0,7,7
3,白(钻石),4,3,6,0,0,3,12
3,白(钻石),5,0,7,0,0,3,10
3,绿(祖母绿),3,5,3,0,3,3,14
3,绿(祖母绿),4,0,7,0,0,0,7
3,绿(祖母绿),4,3,3,6,0,0,12
3,绿(祖母绿),5,0,0,7,3,0,10
3,红(红宝石),3,3,3,3,0,5,14
3,红(红宝石),4,0,0,7,0,0,7
3,红(红宝石),4,3,0,3,6,0,12
3,红(红宝石),5,0,3,7,0,0,10
